text,target
Artificial intelligence,Artificial intelligence is a fascinating subject that captures the imagination People have long studied Artificial intelligence to understand its mysteries In the future we may uncover even more secrets about Artificial intelligence
Artificial intelligence,Artificial intelligence is a fascinating subject that captures the imagination People have long studied Artificial intelligence to understand its mysteries In the future we may uncover even more secrets about Artificial intelligence
Time travel,Time travel is a fascinating subject that captures the imagination People have long studied Time travel to understand its mysteries In the future we may uncover even more secrets about Time travel
Ancient Egypt,Ancient Egypt is a fascinating subject that captures the imagination People have long studied Ancient Egypt to understand its mysteries In the future we may uncover even more secrets about Ancient Egypt
Deep sea creatures,Deep sea creatures is a fascinating subject that captures the imagination People have long studied Deep sea creatures to understand its mysteries In the future we may uncover even more secrets about Deep sea creatures
Fairy tales,Fairy tales is a fascinating subject that captures the imagination People have long studied Fairy tales to understand its mysteries In the future we may uncover even more secrets about Fairy tales
Robots,Robots is a fascinating subject that captures the imagination People have long studied Robots to understand its mysteries In the future we may uncover even more secrets about Robots
Ocean life,Ocean life is a fascinating subject that captures the imagination People have long studied Ocean life to understand its mysteries In the future we may uncover even more secrets about Ocean life
Fairy tales,Fairy tales is a fascinating subject that captures the imagination People have long studied Fairy tales to understand its mysteries In the future we may uncover even more secrets about Fairy tales
Dinosaurs,Dinosaurs is a fascinating subject that captures the imagination People have long studied Dinosaurs to understand its mysteries In the future we may uncover even more secrets about Dinosaurs
The rainforest,The rainforest is a fascinating subject that captures the imagination People have long studied The rainforest to understand its mysteries In the future we may uncover even more secrets about The rainforest
Ocean life,Ocean life is a fascinating subject that captures the imagination People have long studied Ocean life to understand its mysteries In the future we may uncover even more secrets about Ocean life
Deep sea creatures,Deep sea creatures is a fascinating subject that captures the imagination People have long studied Deep sea creatures to understand its mysteries In the future we may uncover even more secrets about Deep sea creatures
Time travel,Time travel is a fascinating subject that captures the imagination People have long studied Time travel to understand its mysteries In the future we may uncover even more secrets about Time travel
Fairy tales,Fairy tales is a fascinating subject that captures the imagination People have long studied Fairy tales to understand its mysteries In the future we may uncover even more secrets about Fairy tales
Magic and wizards,Magic and wizards is a fascinating subject that captures the imagination People have long studied Magic and wizards to understand its mysteries In the future we may uncover even more secrets about Magic and wizards
Climate change,Climate change is a fascinating subject that captures the imagination People have long studied Climate change to understand its mysteries In the future we may uncover even more secrets about Climate change
Haunted houses,Haunted houses is a fascinating subject that captures the imagination People have long studied Haunted houses to understand its mysteries In the future we may uncover even more secrets about Haunted houses
Pirates,Pirates is a fascinating subject that captures the imagination People have long studied Pirates to understand its mysteries In the future we may uncover even more secrets about Pirates
Fairy tales,Fairy tales is a fascinating subject that captures the imagination People have long studied Fairy tales to understand its mysteries In the future we may uncover even more secrets about Fairy tales
Haunted houses,Haunted houses is a fascinating subject that captures the imagination People have long studied Haunted houses to understand its mysteries In the future we may uncover even more secrets about Haunted houses
Magic and wizards,Magic and wizards is a fascinating subject that captures the imagination People have long studied Magic and wizards to understand its mysteries In the future we may uncover even more secrets about Magic and wizards
Futuristic technology,Futuristic technology is a fascinating subject that captures the imagination People have long studied Futuristic technology to understand its mysteries In the future we may uncover even more secrets about Futuristic technology
Dinosaurs,Dinosaurs is a fascinating subject that captures the imagination People have long studied Dinosaurs to understand its mysteries In the future we may uncover even more secrets about Dinosaurs
Fairy tales,Fairy tales is a fascinating subject that captures the imagination People have long studied Fairy tales to understand its mysteries In the future we may uncover even more secrets about Fairy tales
Quantum physics,Quantum physics is a fascinating subject that captures the imagination People have long studied Quantum physics to understand its mysteries In the future we may uncover even more secrets about Quantum physics
Artificial intelligence,Artificial intelligence is a fascinating subject that captures the imagination People have long studied Artificial intelligence to understand its mysteries In the future we may uncover even more secrets about Artificial intelligence
Space exploration,Space exploration is a fascinating subject that captures the imagination People have long studied Space exploration to understand its mysteries In the future we may uncover even more secrets about Space exploration
Quantum physics,Quantum physics is a fascinating subject that captures the imagination People have long studied Quantum physics to understand its mysteries In the future we may uncover even more secrets about Quantum physics
Climate change,Climate change is a fascinating subject that captures the imagination People have long studied Climate change to understand its mysteries In the future we may uncover even more secrets about Climate change
Magic and wizards,Magic and wizards is a fascinating subject that captures the imagination People have long studied Magic and wizards to understand its mysteries In the future we may uncover even more secrets about Magic and wizards
Futuristic technology,Futuristic technology is a fascinating subject that captures the imagination People have long studied Futuristic technology to understand its mysteries In the future we may uncover even more secrets about Futuristic technology
Ocean life,Ocean life is a fascinating subject that captures the imagination People have long studied Ocean life to understand its mysteries In the future we may uncover even more secrets about Ocean life
Ocean life,Ocean life is a fascinating subject that captures the imagination People have long studied Ocean life to understand its mysteries In the future we may uncover even more secrets about Ocean life
Medieval castles,Medieval castles is a fascinating subject that captures the imagination People have long studied Medieval castles to understand its mysteries In the future we may uncover even more secrets about Medieval castles
Pirates,Pirates is a fascinating subject that captures the imagination People have long studied Pirates to understand its mysteries In the future we may uncover even more secrets about Pirates
Medieval castles,Medieval castles is a fascinating subject that captures the imagination People have long studied Medieval castles to understand its mysteries In the future we may uncover even more secrets about Medieval castles
Dinosaurs,Dinosaurs is a fascinating subject that captures the imagination People have long studied Dinosaurs to understand its mysteries In the future we may uncover even more secrets about Dinosaurs
Ancient Egypt,Ancient Egypt is a fascinating subject that captures the imagination People have long studied Ancient Egypt to understand its mysteries In the future we may uncover even more secrets about Ancient Egypt
Ocean life,Ocean life is a fascinating subject that captures the imagination People have long studied Ocean life to understand its mysteries In the future we may uncover even more secrets about Ocean life
Deep sea creatures,Deep sea creatures is a fascinating subject that captures the imagination People have long studied Deep sea creatures to understand its mysteries In the future we may uncover even more secrets about Deep sea creatures
Time travel,Time travel is a fascinating subject that captures the imagination People have long studied Time travel to understand its mysteries In the future we may uncover even more secrets about Time travel
Wildlife conservation,Wildlife conservation is a fascinating subject that captures the imagination People have long studied Wildlife conservation to understand its mysteries In the future we may uncover even more secrets about Wildlife conservation
Dinosaurs,Dinosaurs is a fascinating subject that captures the imagination People have long studied Dinosaurs to understand its mysteries In the future we may uncover even more secrets about Dinosaurs
Artificial intelligence,Artificial intelligence is a fascinating subject that captures the imagination People have long studied Artificial intelligence to understand its mysteries In the future we may uncover even more secrets about Artificial intelligence
Time travel,Time travel is a fascinating subject that captures the imagination People have long studied Time travel to understand its mysteries In the future we may uncover even more secrets about Time travel
Deep sea creatures,Deep sea creatures is a fascinating subject that captures the imagination People have long studied Deep sea creatures to understand its mysteries In the future we may uncover even more secrets about Deep sea creatures
Magic and wizards,Magic and wizards is a fascinating subject that captures the imagination People have long studied Magic and wizards to understand its mysteries In the future we may uncover even more secrets about Magic and wizards
Pirates,Pirates is a fascinating subject that captures the imagination People have long studied Pirates to understand its mysteries In the future we may uncover even more secrets about Pirates
Time travel,Time travel is a fascinating subject that captures the imagination People have long studied Time travel to understand its mysteries In the future we may uncover even more secrets about Time travel
Haunted houses,Haunted houses is a fascinating subject that captures the imagination People have long studied Haunted houses to understand its mysteries In the future we may uncover even more secrets about Haunted houses
The rainforest,The rainforest is a fascinating subject that captures the imagination People have long studied The rainforest to understand its mysteries In the future we may uncover even more secrets about The rainforest
Climate change,Climate change is a fascinating subject that captures the imagination People have long studied Climate change to understand its mysteries In the future we may uncover even more secrets about Climate change
Pirates,Pirates is a fascinating subject that captures the imagination People have long studied Pirates to understand its mysteries In the future we may uncover even more secrets about Pirates
Deep sea creatures,Deep sea creatures is a fascinating subject that captures the imagination People have long studied Deep sea creatures to understand its mysteries In the future we may uncover even more secrets about Deep sea creatures
Ancient Egypt,Ancient Egypt is a fascinating subject that captures the imagination People have long studied Ancient Egypt to understand its mysteries In the future we may uncover even more secrets about Ancient Egypt
Quantum physics,Quantum physics is a fascinating subject that captures the imagination People have long studied Quantum physics to understand its mysteries In the future we may uncover even more secrets about Quantum physics
Futuristic technology,Futuristic technology is a fascinating subject that captures the imagination People have long studied Futuristic technology to understand its mysteries In the future we may uncover even more secrets about Futuristic technology
Wildlife conservation,Wildlife conservation is a fascinating subject that captures the imagination People have long studied Wildlife conservation to understand its mysteries In the future we may uncover even more secrets about Wildlife conservation
Ocean life,Ocean life is a fascinating subject that captures the imagination People have long studied Ocean life to understand its mysteries In the future we may uncover even more secrets about Ocean life
Haunted houses,Haunted houses is a fascinating subject that captures the imagination People have long studied Haunted houses to understand its mysteries In the future we may uncover even more secrets about Haunted houses
Futuristic technology,Futuristic technology is a fascinating subject that captures the imagination People have long studied Futuristic technology to understand its mysteries In the future we may uncover even more secrets about Futuristic technology
Dinosaurs,Dinosaurs is a fascinating subject that captures the imagination People have long studied Dinosaurs to understand its mysteries In the future we may uncover even more secrets about Dinosaurs
Deep sea creatures,Deep sea creatures is a fascinating subject that captures the imagination People have long studied Deep sea creatures to understand its mysteries In the future we may uncover even more secrets about Deep sea creatures
Fairy tales,Fairy tales is a fascinating subject that captures the imagination People have long studied Fairy tales to understand its mysteries In the future we may uncover even more secrets about Fairy tales
Ocean life,Ocean life is a fascinating subject that captures the imagination People have long studied Ocean life to understand its mysteries In the future we may uncover even more secrets about Ocean life
Futuristic technology,Futuristic technology is a fascinating subject that captures the imagination People have long studied Futuristic technology to understand its mysteries In the future we may uncover even more secrets about Futuristic technology
Magic and wizards,Magic and wizards is a fascinating subject that captures the imagination People have long studied Magic and wizards to understand its mysteries In the future we may uncover even more secrets about Magic and wizards
Pirates,Pirates is a fascinating subject that captures the imagination People have long studied Pirates to understand its mysteries In the future we may uncover even more secrets about Pirates
Magic and wizards,Magic and wizards is a fascinating subject that captures the imagination People have long studied Magic and wizards to understand its mysteries In the future we may uncover even more secrets about Magic and wizards
Space exploration,Space exploration is a fascinating subject that captures the imagination People have long studied Space exploration to understand its mysteries In the future we may uncover even more secrets about Space exploration
Fairy tales,Fairy tales is a fascinating subject that captures the imagination People have long studied Fairy tales to understand its mysteries In the future we may uncover even more secrets about Fairy tales
Lost cities,Lost cities is a fascinating subject that captures the imagination People have long studied Lost cities to understand its mysteries In the future we may uncover even more secrets about Lost cities
Climate change,Climate change is a fascinating subject that captures the imagination People have long studied Climate change to understand its mysteries In the future we may uncover even more secrets about Climate change
Ancient Egypt,Ancient Egypt is a fascinating subject that captures the imagination People have long studied Ancient Egypt to understand its mysteries In the future we may uncover even more secrets about Ancient Egypt
Futuristic technology,Futuristic technology is a fascinating subject that captures the imagination People have long studied Futuristic technology to understand its mysteries In the future we may uncover even more secrets about Futuristic technology
Magic and wizards,Magic and wizards is a fascinating subject that captures the imagination People have long studied Magic and wizards to understand its mysteries In the future we may uncover even more secrets about Magic and wizards
Ocean life,Ocean life is a fascinating subject that captures the imagination People have long studied Ocean life to understand its mysteries In the future we may uncover even more secrets about Ocean life
Lost cities,Lost cities is a fascinating subject that captures the imagination People have long studied Lost cities to understand its mysteries In the future we may uncover even more secrets about Lost cities
Volcanoes,Volcanoes is a fascinating subject that captures the imagination People have long studied Volcanoes to understand its mysteries In the future we may uncover even more secrets about Volcanoes
The rainforest,The rainforest is a fascinating subject that captures the imagination People have long studied The rainforest to understand its mysteries In the future we may uncover even more secrets about The rainforest
Medieval castles,Medieval castles is a fascinating subject that captures the imagination People have long studied Medieval castles to understand its mysteries In the future we may uncover even more secrets about Medieval castles
Deep sea creatures,Deep sea creatures is a fascinating subject that captures the imagination People have long studied Deep sea creatures to understand its mysteries In the future we may uncover even more secrets about Deep sea creatures
Fairy tales,Fairy tales is a fascinating subject that captures the imagination People have long studied Fairy tales to understand its mysteries In the future we may uncover even more secrets about Fairy tales
Haunted houses,Haunted houses is a fascinating subject that captures the imagination People have long studied Haunted houses to understand its mysteries In the future we may uncover even more secrets about Haunted houses
Fairy tales,Fairy tales is a fascinating subject that captures the imagination People have long studied Fairy tales to understand its mysteries In the future we may uncover even more secrets about Fairy tales
Lost cities,Lost cities is a fascinating subject that captures the imagination People have long studied Lost cities to understand its mysteries In the future we may uncover even more secrets about Lost cities
Medieval castles,Medieval castles is a fascinating subject that captures the imagination People have long studied Medieval castles to understand its mysteries In the future we may uncover even more secrets about Medieval castles
Ocean life,Ocean life is a fascinating subject that captures the imagination People have long studied Ocean life to understand its mysteries In the future we may uncover even more secrets about Ocean life
Pirates,Pirates is a fascinating subject that captures the imagination People have long studied Pirates to understand its mysteries In the future we may uncover even more secrets about Pirates
Robots,Robots is a fascinating subject that captures the imagination People have long studied Robots to understand its mysteries In the future we may uncover even more secrets about Robots
Climate change,Climate change is a fascinating subject that captures the imagination People have long studied Climate change to understand its mysteries In the future we may uncover even more secrets about Climate change
Pirates,Pirates is a fascinating subject that captures the imagination People have long studied Pirates to understand its mysteries In the future we may uncover even more secrets about Pirates
Dinosaurs,Dinosaurs is a fascinating subject that captures the imagination People have long studied Dinosaurs to understand its mysteries In the future we may uncover even more secrets about Dinosaurs
Ocean life,Ocean life is a fascinating subject that captures the imagination People have long studied Ocean life to understand its mysteries In the future we may uncover even more secrets about Ocean life
Fairy tales,Fairy tales is a fascinating subject that captures the imagination People have long studied Fairy tales to understand its mysteries In the future we may uncover even more secrets about Fairy tales
Time travel,Time travel is a fascinating subject that captures the imagination People have long studied Time travel to understand its mysteries In the future we may uncover even more secrets about Time travel
Deep sea creatures,Deep sea creatures is a fascinating subject that captures the imagination People have long studied Deep sea creatures to understand its mysteries In the future we may uncover even more secrets about Deep sea creatures
Dinosaurs,Dinosaurs is a fascinating subject that captures the imagination People have long studied Dinosaurs to understand its mysteries In the future we may uncover even more secrets about Dinosaurs
Futuristic technology,Futuristic technology is a fascinating subject that captures the imagination People have long studied Futuristic technology to understand its mysteries In the future we may uncover even more secrets about Futuristic technology
Medieval castles,Medieval castles is a fascinating subject that captures the imagination People have long studied Medieval castles to understand its mysteries In the future we may uncover even more secrets about Medieval castles
Space exploration,Space exploration is a fascinating subject that captures the imagination People have long studied Space exploration to understand its mysteries In the future we may uncover even more secrets about Space exploration
Artificial intelligence,Artificial intelligence is a fascinating subject that captures the imagination People have long studied Artificial intelligence to understand its mysteries In the future we may uncover even more secrets about Artificial intelligence
Futuristic technology,Futuristic technology is a fascinating subject that captures the imagination People have long studied Futuristic technology to understand its mysteries In the future we may uncover even more secrets about Futuristic technology
Haunted houses,Haunted houses is a fascinating subject that captures the imagination People have long studied Haunted houses to understand its mysteries In the future we may uncover even more secrets about Haunted houses
Lost cities,Lost cities is a fascinating subject that captures the imagination People have long studied Lost cities to understand its mysteries In the future we may uncover even more secrets about Lost cities
Deep sea creatures,Deep sea creatures is a fascinating subject that captures the imagination People have long studied Deep sea creatures to understand its mysteries In the future we may uncover even more secrets about Deep sea creatures
Ocean life,Ocean life is a fascinating subject that captures the imagination People have long studied Ocean life to understand its mysteries In the future we may uncover even more secrets about Ocean life
Climate change,Climate change is a fascinating subject that captures the imagination People have long studied Climate change to understand its mysteries In the future we may uncover even more secrets about Climate change
Futuristic technology,Futuristic technology is a fascinating subject that captures the imagination People have long studied Futuristic technology to understand its mysteries In the future we may uncover even more secrets about Futuristic technology
Lost cities,Lost cities is a fascinating subject that captures the imagination People have long studied Lost cities to understand its mysteries In the future we may uncover even more secrets about Lost cities
Space exploration,Space exploration is a fascinating subject that captures the imagination People have long studied Space exploration to understand its mysteries In the future we may uncover even more secrets about Space exploration
Quantum physics,Quantum physics is a fascinating subject that captures the imagination People have long studied Quantum physics to understand its mysteries In the future we may uncover even more secrets about Quantum physics
Magic and wizards,Magic and wizards is a fascinating subject that captures the imagination People have long studied Magic and wizards to understand its mysteries In the future we may uncover even more secrets about Magic and wizards
Lost cities,Lost cities is a fascinating subject that captures the imagination People have long studied Lost cities to understand its mysteries In the future we may uncover even more secrets about Lost cities
Ancient Egypt,Ancient Egypt is a fascinating subject that captures the imagination People have long studied Ancient Egypt to understand its mysteries In the future we may uncover even more secrets about Ancient Egypt
Haunted houses,Haunted houses is a fascinating subject that captures the imagination People have long studied Haunted houses to understand its mysteries In the future we may uncover even more secrets about Haunted houses
Haunted houses,Haunted houses is a fascinating subject that captures the imagination People have long studied Haunted houses to understand its mysteries In the future we may uncover even more secrets about Haunted houses
Wildlife conservation,Wildlife conservation is a fascinating subject that captures the imagination People have long studied Wildlife conservation to understand its mysteries In the future we may uncover even more secrets about Wildlife conservation
Volcanoes,Volcanoes is a fascinating subject that captures the imagination People have long studied Volcanoes to understand its mysteries In the future we may uncover even more secrets about Volcanoes
Artificial intelligence,Artificial intelligence is a fascinating subject that captures the imagination People have long studied Artificial intelligence to understand its mysteries In the future we may uncover even more secrets about Artificial intelligence
Magic and wizards,Magic and wizards is a fascinating subject that captures the imagination People have long studied Magic and wizards to understand its mysteries In the future we may uncover even more secrets about Magic and wizards
Futuristic technology,Futuristic technology is a fascinating subject that captures the imagination People have long studied Futuristic technology to understand its mysteries In the future we may uncover even more secrets about Futuristic technology
Space exploration,Space exploration is a fascinating subject that captures the imagination People have long studied Space exploration to understand its mysteries In the future we may uncover even more secrets about Space exploration
Quantum physics,Quantum physics is a fascinating subject that captures the imagination People have long studied Quantum physics to understand its mysteries In the future we may uncover even more secrets about Quantum physics
Magic and wizards,Magic and wizards is a fascinating subject that captures the imagination People have long studied Magic and wizards to understand its mysteries In the future we may uncover even more secrets about Magic and wizards
Ocean life,Ocean life is a fascinating subject that captures the imagination People have long studied Ocean life to understand its mysteries In the future we may uncover even more secrets about Ocean life
Artificial intelligence,Artificial intelligence is a fascinating subject that captures the imagination People have long studied Artificial intelligence to understand its mysteries In the future we may uncover even more secrets about Artificial intelligence
Dinosaurs,Dinosaurs is a fascinating subject that captures the imagination People have long studied Dinosaurs to understand its mysteries In the future we may uncover even more secrets about Dinosaurs
Magic and wizards,Magic and wizards is a fascinating subject that captures the imagination People have long studied Magic and wizards to understand its mysteries In the future we may uncover even more secrets about Magic and wizards
Magic and wizards,Magic and wizards is a fascinating subject that captures the imagination People have long studied Magic and wizards to understand its mysteries In the future we may uncover even more secrets about Magic and wizards
Quantum physics,Quantum physics is a fascinating subject that captures the imagination People have long studied Quantum physics to understand its mysteries In the future we may uncover even more secrets about Quantum physics
Dinosaurs,Dinosaurs is a fascinating subject that captures the imagination People have long studied Dinosaurs to understand its mysteries In the future we may uncover even more secrets about Dinosaurs
Time travel,Time travel is a fascinating subject that captures the imagination People have long studied Time travel to understand its mysteries In the future we may uncover even more secrets about Time travel
Deep sea creatures,Deep sea creatures is a fascinating subject that captures the imagination People have long studied Deep sea creatures to understand its mysteries In the future we may uncover even more secrets about Deep sea creatures
Deep sea creatures,Deep sea creatures is a fascinating subject that captures the imagination People have long studied Deep sea creatures to understand its mysteries In the future we may uncover even more secrets about Deep sea creatures
Deep sea creatures,Deep sea creatures is a fascinating subject that captures the imagination People have long studied Deep sea creatures to understand its mysteries In the future we may uncover even more secrets about Deep sea creatures
The rainforest,The rainforest is a fascinating subject that captures the imagination People have long studied The rainforest to understand its mysteries In the future we may uncover even more secrets about The rainforest
Wildlife conservation,Wildlife conservation is a fascinating subject that captures the imagination People have long studied Wildlife conservation to understand its mysteries In the future we may uncover even more secrets about Wildlife conservation
The rainforest,The rainforest is a fascinating subject that captures the imagination People have long studied The rainforest to understand its mysteries In the future we may uncover even more secrets about The rainforest
The rainforest,The rainforest is a fascinating subject that captures the imagination People have long studied The rainforest to understand its mysteries In the future we may uncover even more secrets about The rainforest
Volcanoes,Volcanoes is a fascinating subject that captures the imagination People have long studied Volcanoes to understand its mysteries In the future we may uncover even more secrets about Volcanoes
Lost cities,Lost cities is a fascinating subject that captures the imagination People have long studied Lost cities to understand its mysteries In the future we may uncover even more secrets about Lost cities
Ancient Egypt,Ancient Egypt is a fascinating subject that captures the imagination People have long studied Ancient Egypt to understand its mysteries In the future we may uncover even more secrets about Ancient Egypt
Dinosaurs,Dinosaurs is a fascinating subject that captures the imagination People have long studied Dinosaurs to understand its mysteries In the future we may uncover even more secrets about Dinosaurs
Pirates,Pirates is a fascinating subject that captures the imagination People have long studied Pirates to understand its mysteries In the future we may uncover even more secrets about Pirates
Deep sea creatures,Deep sea creatures is a fascinating subject that captures the imagination People have long studied Deep sea creatures to understand its mysteries In the future we may uncover even more secrets about Deep sea creatures
Medieval castles,Medieval castles is a fascinating subject that captures the imagination People have long studied Medieval castles to understand its mysteries In the future we may uncover even more secrets about Medieval castles
Climate change,Climate change is a fascinating subject that captures the imagination People have long studied Climate change to understand its mysteries In the future we may uncover even more secrets about Climate change
Volcanoes,Volcanoes is a fascinating subject that captures the imagination People have long studied Volcanoes to understand its mysteries In the future we may uncover even more secrets about Volcanoes
Magic and wizards,Magic and wizards is a fascinating subject that captures the imagination People have long studied Magic and wizards to understand its mysteries In the future we may uncover even more secrets about Magic and wizards
Deep sea creatures,Deep sea creatures is a fascinating subject that captures the imagination People have long studied Deep sea creatures to understand its mysteries In the future we may uncover even more secrets about Deep sea creatures
Futuristic technology,Futuristic technology is a fascinating subject that captures the imagination People have long studied Futuristic technology to understand its mysteries In the future we may uncover even more secrets about Futuristic technology
Ocean life,Ocean life is a fascinating subject that captures the imagination People have long studied Ocean life to understand its mysteries In the future we may uncover even more secrets about Ocean life
Climate change,Climate change is a fascinating subject that captures the imagination People have long studied Climate change to understand its mysteries In the future we may uncover even more secrets about Climate change
Magic and wizards,Magic and wizards is a fascinating subject that captures the imagination People have long studied Magic and wizards to understand its mysteries In the future we may uncover even more secrets about Magic and wizards
Magic and wizards,Magic and wizards is a fascinating subject that captures the imagination People have long studied Magic and wizards to understand its mysteries In the future we may uncover even more secrets about Magic and wizards
Dinosaurs,Dinosaurs is a fascinating subject that captures the imagination People have long studied Dinosaurs to understand its mysteries In the future we may uncover even more secrets about Dinosaurs
The rainforest,The rainforest is a fascinating subject that captures the imagination People have long studied The rainforest to understand its mysteries In the future we may uncover even more secrets about The rainforest
The rainforest,The rainforest is a fascinating subject that captures the imagination People have long studied The rainforest to understand its mysteries In the future we may uncover even more secrets about The rainforest
Climate change,Climate change is a fascinating subject that captures the imagination People have long studied Climate change to understand its mysteries In the future we may uncover even more secrets about Climate change
Futuristic technology,Futuristic technology is a fascinating subject that captures the imagination People have long studied Futuristic technology to understand its mysteries In the future we may uncover even more secrets about Futuristic technology
Space exploration,Space exploration is a fascinating subject that captures the imagination People have long studied Space exploration to understand its mysteries In the future we may uncover even more secrets about Space exploration
Ocean life,Ocean life is a fascinating subject that captures the imagination People have long studied Ocean life to understand its mysteries In the future we may uncover even more secrets about Ocean life
Ocean life,Ocean life is a fascinating subject that captures the imagination People have long studied Ocean life to understand its mysteries In the future we may uncover even more secrets about Ocean life
Pirates,Pirates is a fascinating subject that captures the imagination People have long studied Pirates to understand its mysteries In the future we may uncover even more secrets about Pirates
Ocean life,Ocean life is a fascinating subject that captures the imagination People have long studied Ocean life to understand its mysteries In the future we may uncover even more secrets about Ocean life
Time travel,Time travel is a fascinating subject that captures the imagination People have long studied Time travel to understand its mysteries In the future we may uncover even more secrets about Time travel
Dinosaurs,Dinosaurs is a fascinating subject that captures the imagination People have long studied Dinosaurs to understand its mysteries In the future we may uncover even more secrets about Dinosaurs
Ancient Egypt,Ancient Egypt is a fascinating subject that captures the imagination People have long studied Ancient Egypt to understand its mysteries In the future we may uncover even more secrets about Ancient Egypt
Volcanoes,Volcanoes is a fascinating subject that captures the imagination People have long studied Volcanoes to understand its mysteries In the future we may uncover even more secrets about Volcanoes
Quantum physics,Quantum physics is a fascinating subject that captures the imagination People have long studied Quantum physics to understand its mysteries In the future we may uncover even more secrets about Quantum physics
Artificial intelligence,Artificial intelligence is a fascinating subject that captures the imagination People have long studied Artificial intelligence to understand its mysteries In the future we may uncover even more secrets about Artificial intelligence
Lost cities,Lost cities is a fascinating subject that captures the imagination People have long studied Lost cities to understand its mysteries In the future we may uncover even more secrets about Lost cities
Climate change,Climate change is a fascinating subject that captures the imagination People have long studied Climate change to understand its mysteries In the future we may uncover even more secrets about Climate change
Ancient Egypt,Ancient Egypt is a fascinating subject that captures the imagination People have long studied Ancient Egypt to understand its mysteries In the future we may uncover even more secrets about Ancient Egypt
Fairy tales,Fairy tales is a fascinating subject that captures the imagination People have long studied Fairy tales to understand its mysteries In the future we may uncover even more secrets about Fairy tales
Deep sea creatures,Deep sea creatures is a fascinating subject that captures the imagination People have long studied Deep sea creatures to understand its mysteries In the future we may uncover even more secrets about Deep sea creatures
Medieval castles,Medieval castles is a fascinating subject that captures the imagination People have long studied Medieval castles to understand its mysteries In the future we may uncover even more secrets about Medieval castles
Magic and wizards,Magic and wizards is a fascinating subject that captures the imagination People have long studied Magic and wizards to understand its mysteries In the future we may uncover even more secrets about Magic and wizards
Space exploration,Space exploration is a fascinating subject that captures the imagination People have long studied Space exploration to understand its mysteries In the future we may uncover even more secrets about Space exploration
Fairy tales,Fairy tales is a fascinating subject that captures the imagination People have long studied Fairy tales to understand its mysteries In the future we may uncover even more secrets about Fairy tales
Medieval castles,Medieval castles is a fascinating subject that captures the imagination People have long studied Medieval castles to understand its mysteries In the future we may uncover even more secrets about Medieval castles
Haunted houses,Haunted houses is a fascinating subject that captures the imagination People have long studied Haunted houses to understand its mysteries In the future we may uncover even more secrets about Haunted houses
Fairy tales,Fairy tales is a fascinating subject that captures the imagination People have long studied Fairy tales to understand its mysteries In the future we may uncover even more secrets about Fairy tales
Space exploration,Space exploration is a fascinating subject that captures the imagination People have long studied Space exploration to understand its mysteries In the future we may uncover even more secrets about Space exploration
Space exploration,Space exploration is a fascinating subject that captures the imagination People have long studied Space exploration to understand its mysteries In the future we may uncover even more secrets about Space exploration
Volcanoes,Volcanoes is a fascinating subject that captures the imagination People have long studied Volcanoes to understand its mysteries In the future we may uncover even more secrets about Volcanoes
Futuristic technology,Futuristic technology is a fascinating subject that captures the imagination People have long studied Futuristic technology to understand its mysteries In the future we may uncover even more secrets about Futuristic technology
Space exploration,Space exploration is a fascinating subject that captures the imagination People have long studied Space exploration to understand its mysteries In the future we may uncover even more secrets about Space exploration
Pirates,Pirates is a fascinating subject that captures the imagination People have long studied Pirates to understand its mysteries In the future we may uncover even more secrets about Pirates
Haunted houses,Haunted houses is a fascinating subject that captures the imagination People have long studied Haunted houses to understand its mysteries In the future we may uncover even more secrets about Haunted houses
Space exploration,Space exploration is a fascinating subject that captures the imagination People have long studied Space exploration to understand its mysteries In the future we may uncover even more secrets about Space exploration
Space exploration,Space exploration is a fascinating subject that captures the imagination People have long studied Space exploration to understand its mysteries In the future we may uncover even more secrets about Space exploration
Wildlife conservation,Wildlife conservation is a fascinating subject that captures the imagination People have long studied Wildlife conservation to understand its mysteries In the future we may uncover even more secrets about Wildlife conservation
Dinosaurs,Dinosaurs is a fascinating subject that captures the imagination People have long studied Dinosaurs to understand its mysteries In the future we may uncover even more secrets about Dinosaurs
Space exploration,Space exploration is a fascinating subject that captures the imagination People have long studied Space exploration to understand its mysteries In the future we may uncover even more secrets about Space exploration
Magic and wizards,Magic and wizards is a fascinating subject that captures the imagination People have long studied Magic and wizards to understand its mysteries In the future we may uncover even more secrets about Magic and wizards
Artificial intelligence,Artificial intelligence is a fascinating subject that captures the imagination People have long studied Artificial intelligence to understand its mysteries In the future we may uncover even more secrets about Artificial intelligence
Haunted houses,Haunted houses is a fascinating subject that captures the imagination People have long studied Haunted houses to understand its mysteries In the future we may uncover even more secrets about Haunted houses
Ocean life,Ocean life is a fascinating subject that captures the imagination People have long studied Ocean life to understand its mysteries In the future we may uncover even more secrets about Ocean life
Volcanoes,Volcanoes is a fascinating subject that captures the imagination People have long studied Volcanoes to understand its mysteries In the future we may uncover even more secrets about Volcanoes
Ancient Egypt,Ancient Egypt is a fascinating subject that captures the imagination People have long studied Ancient Egypt to understand its mysteries In the future we may uncover even more secrets about Ancient Egypt
Ocean life,Ocean life is a fascinating subject that captures the imagination People have long studied Ocean life to understand its mysteries In the future we may uncover even more secrets about Ocean life
Wildlife conservation,Wildlife conservation is a fascinating subject that captures the imagination People have long studied Wildlife conservation to understand its mysteries In the future we may uncover even more secrets about Wildlife conservation
Climate change,Climate change is a fascinating subject that captures the imagination People have long studied Climate change to understand its mysteries In the future we may uncover even more secrets about Climate change
Space exploration,Space exploration is a fascinating subject that captures the imagination People have long studied Space exploration to understand its mysteries In the future we may uncover even more secrets about Space exploration
Volcanoes,Volcanoes is a fascinating subject that captures the imagination People have long studied Volcanoes to understand its mysteries In the future we may uncover even more secrets about Volcanoes
Time travel,Time travel is a fascinating subject that captures the imagination People have long studied Time travel to understand its mysteries In the future we may uncover even more secrets about Time travel
Pirates,Pirates is a fascinating subject that captures the imagination People have long studied Pirates to understand its mysteries In the future we may uncover even more secrets about Pirates
The rainforest,The rainforest is a fascinating subject that captures the imagination People have long studied The rainforest to understand its mysteries In the future we may uncover even more secrets about The rainforest
Volcanoes,Volcanoes is a fascinating subject that captures the imagination People have long studied Volcanoes to understand its mysteries In the future we may uncover even more secrets about Volcanoes
Quantum physics,Quantum physics is a fascinating subject that captures the imagination People have long studied Quantum physics to understand its mysteries In the future we may uncover even more secrets about Quantum physics
Wildlife conservation,Wildlife conservation is a fascinating subject that captures the imagination People have long studied Wildlife conservation to understand its mysteries In the future we may uncover even more secrets about Wildlife conservation
Magic and wizards,Magic and wizards is a fascinating subject that captures the imagination People have long studied Magic and wizards to understand its mysteries In the future we may uncover even more secrets about Magic and wizards
Space exploration,Space exploration is a fascinating subject that captures the imagination People have long studied Space exploration to understand its mysteries In the future we may uncover even more secrets about Space exploration
Lost cities,Lost cities is a fascinating subject that captures the imagination People have long studied Lost cities to understand its mysteries In the future we may uncover even more secrets about Lost cities
Futuristic technology,Futuristic technology is a fascinating subject that captures the imagination People have long studied Futuristic technology to understand its mysteries In the future we may uncover even more secrets about Futuristic technology
Lost cities,Lost cities is a fascinating subject that captures the imagination People have long studied Lost cities to understand its mysteries In the future we may uncover even more secrets about Lost cities
Lost cities,Lost cities is a fascinating subject that captures the imagination People have long studied Lost cities to understand its mysteries In the future we may uncover even more secrets about Lost cities
Deep sea creatures,Deep sea creatures is a fascinating subject that captures the imagination People have long studied Deep sea creatures to understand its mysteries In the future we may uncover even more secrets about Deep sea creatures
The rainforest,The rainforest is a fascinating subject that captures the imagination People have long studied The rainforest to understand its mysteries In the future we may uncover even more secrets about The rainforest
Pirates,Pirates is a fascinating subject that captures the imagination People have long studied Pirates to understand its mysteries In the future we may uncover even more secrets about Pirates
Futuristic technology,Futuristic technology is a fascinating subject that captures the imagination People have long studied Futuristic technology to understand its mysteries In the future we may uncover even more secrets about Futuristic technology
Medieval castles,Medieval castles is a fascinating subject that captures the imagination People have long studied Medieval castles to understand its mysteries In the future we may uncover even more secrets about Medieval castles
The rainforest,The rainforest is a fascinating subject that captures the imagination People have long studied The rainforest to understand its mysteries In the future we may uncover even more secrets about The rainforest
Pirates,Pirates is a fascinating subject that captures the imagination People have long studied Pirates to understand its mysteries In the future we may uncover even more secrets about Pirates
Climate change,Climate change is a fascinating subject that captures the imagination People have long studied Climate change to understand its mysteries In the future we may uncover even more secrets about Climate change
Fairy tales,Fairy tales is a fascinating subject that captures the imagination People have long studied Fairy tales to understand its mysteries In the future we may uncover even more secrets about Fairy tales
Ocean life,Ocean life is a fascinating subject that captures the imagination People have long studied Ocean life to understand its mysteries In the future we may uncover even more secrets about Ocean life
Ocean life,Ocean life is a fascinating subject that captures the imagination People have long studied Ocean life to understand its mysteries In the future we may uncover even more secrets about Ocean life
Futuristic technology,Futuristic technology is a fascinating subject that captures the imagination People have long studied Futuristic technology to understand its mysteries In the future we may uncover even more secrets about Futuristic technology
Dinosaurs,Dinosaurs is a fascinating subject that captures the imagination People have long studied Dinosaurs to understand its mysteries In the future we may uncover even more secrets about Dinosaurs
Lost cities,Lost cities is a fascinating subject that captures the imagination People have long studied Lost cities to understand its mysteries In the future we may uncover even more secrets about Lost cities
Haunted houses,Haunted houses is a fascinating subject that captures the imagination People have long studied Haunted houses to understand its mysteries In the future we may uncover even more secrets about Haunted houses
Artificial intelligence,Artificial intelligence is a fascinating subject that captures the imagination People have long studied Artificial intelligence to understand its mysteries In the future we may uncover even more secrets about Artificial intelligence
Lost cities,Lost cities is a fascinating subject that captures the imagination People have long studied Lost cities to understand its mysteries In the future we may uncover even more secrets about Lost cities
Pirates,Pirates is a fascinating subject that captures the imagination People have long studied Pirates to understand its mysteries In the future we may uncover even more secrets about Pirates
Medieval castles,Medieval castles is a fascinating subject that captures the imagination People have long studied Medieval castles to understand its mysteries In the future we may uncover even more secrets about Medieval castles
Ancient Egypt,Ancient Egypt is a fascinating subject that captures the imagination People have long studied Ancient Egypt to understand its mysteries In the future we may uncover even more secrets about Ancient Egypt
Dinosaurs,Dinosaurs is a fascinating subject that captures the imagination People have long studied Dinosaurs to understand its mysteries In the future we may uncover even more secrets about Dinosaurs
Magic and wizards,Magic and wizards is a fascinating subject that captures the imagination People have long studied Magic and wizards to understand its mysteries In the future we may uncover even more secrets about Magic and wizards
Medieval castles,Medieval castles is a fascinating subject that captures the imagination People have long studied Medieval castles to understand its mysteries In the future we may uncover even more secrets about Medieval castles
Wildlife conservation,Wildlife conservation is a fascinating subject that captures the imagination People have long studied Wildlife conservation to understand its mysteries In the future we may uncover even more secrets about Wildlife conservation
Haunted houses,Haunted houses is a fascinating subject that captures the imagination People have long studied Haunted houses to understand its mysteries In the future we may uncover even more secrets about Haunted houses
Ancient Egypt,Ancient Egypt is a fascinating subject that captures the imagination People have long studied Ancient Egypt to understand its mysteries In the future we may uncover even more secrets about Ancient Egypt
Medieval castles,Medieval castles is a fascinating subject that captures the imagination People have long studied Medieval castles to understand its mysteries In the future we may uncover even more secrets about Medieval castles
Robots,Robots is a fascinating subject that captures the imagination People have long studied Robots to understand its mysteries In the future we may uncover even more secrets about Robots
Fairy tales,Fairy tales is a fascinating subject that captures the imagination People have long studied Fairy tales to understand its mysteries In the future we may uncover even more secrets about Fairy tales
Haunted houses,Haunted houses is a fascinating subject that captures the imagination People have long studied Haunted houses to understand its mysteries In the future we may uncover even more secrets about Haunted houses
Climate change,Climate change is a fascinating subject that captures the imagination People have long studied Climate change to understand its mysteries In the future we may uncover even more secrets about Climate change
Lost cities,Lost cities is a fascinating subject that captures the imagination People have long studied Lost cities to understand its mysteries In the future we may uncover even more secrets about Lost cities
Dinosaurs,Dinosaurs is a fascinating subject that captures the imagination People have long studied Dinosaurs to understand its mysteries In the future we may uncover even more secrets about Dinosaurs
Deep sea creatures,Deep sea creatures is a fascinating subject that captures the imagination People have long studied Deep sea creatures to understand its mysteries In the future we may uncover even more secrets about Deep sea creatures
Magic and wizards,Magic and wizards is a fascinating subject that captures the imagination People have long studied Magic and wizards to understand its mysteries In the future we may uncover even more secrets about Magic and wizards
Pirates,Pirates is a fascinating subject that captures the imagination People have long studied Pirates to understand its mysteries In the future we may uncover even more secrets about Pirates
Robots,Robots is a fascinating subject that captures the imagination People have long studied Robots to understand its mysteries In the future we may uncover even more secrets about Robots
Deep sea creatures,Deep sea creatures is a fascinating subject that captures the imagination People have long studied Deep sea creatures to understand its mysteries In the future we may uncover even more secrets about Deep sea creatures
Lost cities,Lost cities is a fascinating subject that captures the imagination People have long studied Lost cities to understand its mysteries In the future we may uncover even more secrets about Lost cities
Medieval castles,Medieval castles is a fascinating subject that captures the imagination People have long studied Medieval castles to understand its mysteries In the future we may uncover even more secrets about Medieval castles
Quantum physics,Quantum physics is a fascinating subject that captures the imagination People have long studied Quantum physics to understand its mysteries In the future we may uncover even more secrets about Quantum physics
Pirates,Pirates is a fascinating subject that captures the imagination People have long studied Pirates to understand its mysteries In the future we may uncover even more secrets about Pirates
Volcanoes,Volcanoes is a fascinating subject that captures the imagination People have long studied Volcanoes to understand its mysteries In the future we may uncover even more secrets about Volcanoes
Fairy tales,Fairy tales is a fascinating subject that captures the imagination People have long studied Fairy tales to understand its mysteries In the future we may uncover even more secrets about Fairy tales
Pirates,Pirates is a fascinating subject that captures the imagination People have long studied Pirates to understand its mysteries In the future we may uncover even more secrets about Pirates
Lost cities,Lost cities is a fascinating subject that captures the imagination People have long studied Lost cities to understand its mysteries In the future we may uncover even more secrets about Lost cities
Fairy tales,Fairy tales is a fascinating subject that captures the imagination People have long studied Fairy tales to understand its mysteries In the future we may uncover even more secrets about Fairy tales
Deep sea creatures,Deep sea creatures is a fascinating subject that captures the imagination People have long studied Deep sea creatures to understand its mysteries In the future we may uncover even more secrets about Deep sea creatures
Robots,Robots is a fascinating subject that captures the imagination People have long studied Robots to understand its mysteries In the future we may uncover even more secrets about Robots
Haunted houses,Haunted houses is a fascinating subject that captures the imagination People have long studied Haunted houses to understand its mysteries In the future we may uncover even more secrets about Haunted houses
Wildlife conservation,Wildlife conservation is a fascinating subject that captures the imagination People have long studied Wildlife conservation to understand its mysteries In the future we may uncover even more secrets about Wildlife conservation
Medieval castles,Medieval castles is a fascinating subject that captures the imagination People have long studied Medieval castles to understand its mysteries In the future we may uncover even more secrets about Medieval castles
Futuristic technology,Futuristic technology is a fascinating subject that captures the imagination People have long studied Futuristic technology to understand its mysteries In the future we may uncover even more secrets about Futuristic technology
Futuristic technology,Futuristic technology is a fascinating subject that captures the imagination People have long studied Futuristic technology to understand its mysteries In the future we may uncover even more secrets about Futuristic technology
Volcanoes,Volcanoes is a fascinating subject that captures the imagination People have long studied Volcanoes to understand its mysteries In the future we may uncover even more secrets about Volcanoes
Artificial intelligence,Artificial intelligence is a fascinating subject that captures the imagination People have long studied Artificial intelligence to understand its mysteries In the future we may uncover even more secrets about Artificial intelligence
Volcanoes,Volcanoes is a fascinating subject that captures the imagination People have long studied Volcanoes to understand its mysteries In the future we may uncover even more secrets about Volcanoes
Deep sea creatures,Deep sea creatures is a fascinating subject that captures the imagination People have long studied Deep sea creatures to understand its mysteries In the future we may uncover even more secrets about Deep sea creatures
Medieval castles,Medieval castles is a fascinating subject that captures the imagination People have long studied Medieval castles to understand its mysteries In the future we may uncover even more secrets about Medieval castles
Volcanoes,Volcanoes is a fascinating subject that captures the imagination People have long studied Volcanoes to understand its mysteries In the future we may uncover even more secrets about Volcanoes
Time travel,Time travel is a fascinating subject that captures the imagination People have long studied Time travel to understand its mysteries In the future we may uncover even more secrets about Time travel
The rainforest,The rainforest is a fascinating subject that captures the imagination People have long studied The rainforest to understand its mysteries In the future we may uncover even more secrets about The rainforest
Quantum physics,Quantum physics is a fascinating subject that captures the imagination People have long studied Quantum physics to understand its mysteries In the future we may uncover even more secrets about Quantum physics
Volcanoes,Volcanoes is a fascinating subject that captures the imagination People have long studied Volcanoes to understand its mysteries In the future we may uncover even more secrets about Volcanoes
Fairy tales,Fairy tales is a fascinating subject that captures the imagination People have long studied Fairy tales to understand its mysteries In the future we may uncover even more secrets about Fairy tales
Ocean life,Ocean life is a fascinating subject that captures the imagination People have long studied Ocean life to understand its mysteries In the future we may uncover even more secrets about Ocean life
Deep sea creatures,Deep sea creatures is a fascinating subject that captures the imagination People have long studied Deep sea creatures to understand its mysteries In the future we may uncover even more secrets about Deep sea creatures
Medieval castles,Medieval castles is a fascinating subject that captures the imagination People have long studied Medieval castles to understand its mysteries In the future we may uncover even more secrets about Medieval castles
Haunted houses,Haunted houses is a fascinating subject that captures the imagination People have long studied Haunted houses to understand its mysteries In the future we may uncover even more secrets about Haunted houses
Wildlife conservation,Wildlife conservation is a fascinating subject that captures the imagination People have long studied Wildlife conservation to understand its mysteries In the future we may uncover even more secrets about Wildlife conservation
Deep sea creatures,Deep sea creatures is a fascinating subject that captures the imagination People have long studied Deep sea creatures to understand its mysteries In the future we may uncover even more secrets about Deep sea creatures
Robots,Robots is a fascinating subject that captures the imagination People have long studied Robots to understand its mysteries In the future we may uncover even more secrets about Robots
Wildlife conservation,Wildlife conservation is a fascinating subject that captures the imagination People have long studied Wildlife conservation to understand its mysteries In the future we may uncover even more secrets about Wildlife conservation
Haunted houses,Haunted houses is a fascinating subject that captures the imagination People have long studied Haunted houses to understand its mysteries In the future we may uncover even more secrets about Haunted houses
Volcanoes,Volcanoes is a fascinating subject that captures the imagination People have long studied Volcanoes to understand its mysteries In the future we may uncover even more secrets about Volcanoes
Pirates,Pirates is a fascinating subject that captures the imagination People have long studied Pirates to understand its mysteries In the future we may uncover even more secrets about Pirates
Magic and wizards,Magic and wizards is a fascinating subject that captures the imagination People have long studied Magic and wizards to understand its mysteries In the future we may uncover even more secrets about Magic and wizards
Space exploration,Space exploration is a fascinating subject that captures the imagination People have long studied Space exploration to understand its mysteries In the future we may uncover even more secrets about Space exploration
Volcanoes,Volcanoes is a fascinating subject that captures the imagination People have long studied Volcanoes to understand its mysteries In the future we may uncover even more secrets about Volcanoes
Time travel,Time travel is a fascinating subject that captures the imagination People have long studied Time travel to understand its mysteries In the future we may uncover even more secrets about Time travel
